Workbook

Sheet paciente
A1: id_paciente(PK) | B1: nombre_1_paciente(*) | C1: nombre_2_paciente | D1: apellido_1_paciente(*) | E1: apellido_2_paciente | F1: tipo_documento_paciente(FK)1:1 | G1: direccion_paciente | H1: ciudad_paciente(FK)1:1 | I1: telefono_paciente
A2: 1 | B2: María | C2: Maria | D2: Díaz | E2: Restrepo | F2: =tipo_documento!A2 -> 1 | G2: Calle 10 #5-21 | H2: =ciudad!A2 -> 1 | I2: 3207894561
A3: 2 | B3: Juan | C3: Andres | D3: Gómez | E3: Quiñones | F3: =tipo_documento!A3 -> 2 | G3: Cra 8 #14-12 | H3: =ciudad!A3 -> 2 | I3: 3114569874
A4: 3 | B4: Lucía | C4: Maria | D4: Torres | E4: Lopez | F4: =tipo_documento!A4 -> 3 | G4: Calle 27 # 6-30 | H4: =ciudad!A2 -> 1 | I4: 3926529108
A5: 4 | B5: Carlos | C5: Andres | D5: Gómez | E5: Lopera | F5: =tipo_documento!A5 -> 4 | G5: Calle 25 # 4-17 | H5: =ciudad!A3 -> 2 | I5: 3444015886
A6: 5 | B6: Valentina | C6: Valery | D6: Torres | E6: Galvez | F6: =tipo_documento!A2 -> 1 | G6: Calle 5 # 11-45 | H6: =ciudad!A2 -> 1 | I6: 3875058434
A7: 6 | B7: Valentina | C7: Vanesa | D7: Díaz | E7: Diaz | F7: =tipo_documento!A3 -> 2 | G7: Calle 22 # 7-49 | H7: =ciudad!A4 -> 3 | I7: 3022606286
A8: 7 | B8: Andrés | C8: Felipe | D8: López | E8: restan | F8: =tipo_documento!A2 -> 1 | G8: Calle 12 # 20-2 | H8: =ciudad!A5 -> 4 | I8: 3578044557
A9: 8 | B9: Sofía | C9: Andrea | D9: Ruiz | E9: Calderon | F9: =tipo_documento!A4 -> 3 | G9: Calle 33 # 20-8 | H9: =ciudad!A5 -> 4 | I9: 3219822942
A10: 9 | B10: Lucía | C10: Smith | D10: López | E10: Zapata | F10: =tipo_documento!A5 -> 4 | G10: Calle 29 # 4-4 | H10: =ciudad!A6 -> 5 | I10: 3167069159

Sheet ciudad
A1: id_ciudad | B1: ciudad_paciente_ciudad(*)
A2: 1 | B2: Cali
A3: 2 | B3: Bogota
A4: 3 | B4: Medellin
A5: 4 | B5: Barranquilla
A6: 5 | B6: Bucaramanga

Sheet tipo_documento
A1: id_tipo_documento(PK) | B1: tipo
A2: 1 | B2: CC
A3: 2 | B3: TI
A4: 3 | B4: PPT
A5: 4 | B5: RS

Sheet medico
A1: id_medico(PK) | B1: nombre_medico(*) | C1: especialidad_medico(FK)1:1 | D1: numero_medico(*) | E1: tipo_documento_medico(FK)1:1 | F1: direccion_medico(*) | G1: ciudad_medico(FK)1:1
A2: 1 | B2: Dr. López | C2: =especializacion!A2 -> 1 | D2: 3104587291 | E2: =tipo_documento!A2 -> 1 | F2: Calle 98 # 45-17 | G2: =ciudad!A2 -> 1
A3: 2 | B3: Dra. Ruiz | C3: =especializacion!A3 -> 2 | D3: 3116728459 | E3: =tipo_documento!A4 -> 3 | F3: Transversal 12 # 67-89 | G3: =ciudad!A3 -> 2
A4: 3 | B4: Dr. Herrera | C4: =especializacion!A4 -> 3 | D4: 3129851476 | E4: =tipo_documento!A2 -> 1 | F4: Carrera 27 # 18-56 | G4: =ciudad!A2 -> 1
A5: 4 | B5: Dr. Martínez | C5: =especializacion!A5 -> 4 | D5: 3137462580 | E5: =tipo_documento!A2 -> 1 | F5: Diagonal 54 # 23-41 | G5: =ciudad!A6 -> 5
A6: 5 | B6: Dr.Velez | C6: =especializacion!A6 -> 5 | D6: 3148596327 | E6: =tipo_documento!A2 -> 1 | F6: Avenida 33 # 78-15 | G6: =ciudad!A5 -> 4
A7: 6 | B7: Dr. Castaño | C7: =especializacion!A4 -> 3 | D7: 3152749186 | E7: =tipo_documento!A2 -> 1 | F7: Calle 16 # 92-38 | G7: =A3 -> 2

Sheet especializacion
A1: id_especializacion | B1: nombre_especializacion(*)
A2: 1 | B2: Pediatria
A3: 2 | B3: Cardiologia
A4: 3 | B4: Dermatologia
A5: 4 | B5: Medicina General
A6: 5 | B6: Neurologia

Sheet medicamento
A1: id_medicamento(PK) | B1: nombre_medicamento(*) | C1: Presentación_medicamento(*)
A2: 1 | B2: Jarabe para la tos | C2: Jarabe (120 mL)
A3: 2 | B3: Atenolol | C3: Tabletas 50 mg
A4: 3 | B4: Crema Antifúngica | C4: Crema tópica 30 g
A5: 4 | B5: Ibuprofeno | C5: Tabletas 400 mg
A6: 5 | B6: Amoxicilina | C6: Cápsulas 500 mg
A7: 6 | B7: Omeprazol | C7: Cápsulas 20 mg
A8: 7 | B8: Suero Oral | C8: Jarabe (200 mL)

Sheet medicamento_entregado
A1: id_medicamento_entregado(PK) | B1: medicamento_medicamento_entregado(FK)(1:N) | C1: medico_medicamento_entregado(PK) | D1: paciente_medicamento_entregado(PK) | E1: cantidad_medicamento_entregado(*) | F1: enfermedad_medicamento_entregado(FK):1N
A2: 1 | B2: =medicamento!A3 -> 2 | C2: =medico!A2 -> 1 | D2: =paciente!A2 -> 1 | E2: =cantidad_medicamento_entregado!A2 -> 1 | F2: =enfermedad!A2 -> 1
A3: 2 | B3: =medicamento!A5 -> 4 | C3: =medico!A2 -> 1 | D3: =paciente!A2 -> 1 | E3: =cantidad_medicamento_entregado!A3 -> 2 | F3: =enfermedad!A2 -> 1
A4: 3 | B4: =medicamento!A3 -> 2 | C4: =medico!A3 -> 2 | D4: =paciente!A3 -> 2 | E4: =cantidad_medicamento_entregado!A2 -> 1 | F4: =enfermedad!A3 -> 2
A5: 4 | B5: =medicamento!A4 -> 3 | C5: =medico!A2 -> 1 | D5: =paciente!A4 -> 3 | E5: =cantidad_medicamento_entregado!A3 -> 2 | F5: =enfermedad!A4 -> 3
A6: 5 | B6: =medicamento!A5 -> 4 | C6: =medico!A4 -> 3 | D6: =paciente!A5 -> 4 | E6: =cantidad_medicamento_entregado!A4 -> 3 | F6: =enfermedad!A5 -> 4
A7: 6 | B7: =medicamento!A6 -> 5 | C7: =medico!A5 -> 4 | D7: =paciente!A6 -> 5 | E7: =cantidad_medicamento_entregado!A4 -> 3 | F7: =enfermedad!A2 -> 1
A8: 7 | B8: =medicamento!A5 -> 4 | C8: =medico!A5 -> 4 | D8: =paciente!A6 -> 5 | E8: =cantidad_medicamento_entregado!A4 -> 3 | F8: =enfermedad!A2 -> 1
A9: 8 | B9: =medicamento!A6 -> 5 | C9: =medico!A5 -> 4 | D9: =paciente!A7 -> 6 | E9: =cantidad_medicamento_entregado!A4 -> 3 | F9: =enfermedad!A6 -> 5
A10: 9 | B10: =medicamento!A5 -> 4 | C10: =medico!A5 -> 4 | D10: =paciente!A7 -> 6 | E10: =cantidad_medicamento_entregado!A2 -> 1 | F10: =enfermedad!A6 -> 5
A11: 10 | B11: =medicamento!A6 -> 5 | C11: =medico!A5 -> 4 | D11: =paciente!A8 -> 7 | E11: =cantidad_medicamento_entregado!A3 -> 2 | F11: =enfermedad!A7 -> 6
A12: 11 | B12: =medicamento!A5 -> 4 | C12: =medico!A5 -> 4 | D12: =paciente!A8 -> 7 | E12: =cantidad_medicamento_entregado!A3 -> 2 | F12: =enfermedad!A7 -> 6
A13: 12 | B13: =medicamento!A5 -> 4 | C13: =medico!A5 -> 4 | D13: =paciente!A8 -> 7 | E13: =cantidad_medicamento_entregado!A4 -> 3 | F13: =enfermedad!A7 -> 6
A14: 13 | B14: =medicamento!A7 -> 6 | C14: =medico!A3 -> 2 | D14: =paciente!A9 -> 8 | E14: =cantidad_medicamento_entregado!A4 -> 3 | F14: =enfermedad!A6 -> 5
A15: 14 | B15: =medicamento!A8 -> 7 | C15: =medico!A3 -> 2 | D15: =paciente!A9 -> 8 | E15: =cantidad_medicamento_entregado!A4 -> 3 | F15: =enfermedad!A6 -> 5
A16: 15 | B16: =medicamento!A6 -> 5 | C16: =medico!A7 -> 6 | D16: =paciente!A10 -> 9 | E16: =cantidad_medicamento_entregado!A2 -> 1 | F16: =enfermedad!A3 -> 2
A17: 16 | B17: =medicamento!A5 -> 4 | C17: =medico!A7 -> 6 | D17: =paciente!A10 -> 9 | E17: =cantidad_medicamento_entregado!A4 -> 3 | F17: =enfermedad!A3 -> 2

Sheet enfermedad
A1: id_enfermedad(PK) | B1: nombre_enfermedad(*)
A2: 1 | B2: Gripe
A3: 2 | B3: Presión Alta
A4: 3 | B4: Indigestión
A5: 4 | B5: Asma
A6: 5 | B6: Migraña
A7: 6 | B7: Alergia

Sheet entrega_final
A1: id_entrega_final(PK) | B1: paciente_entrega_final(PK) | C1: ciudad_entrega_final(FK)1:1 | D1: tipo_documento_entrega_final(FK)1:1 | E1: medico_entrega_final(PK) | F1: especializacion_entrega_final(FK)1:N | G1: medicamento_entrega_final(FK)1:N | H1: enfermedad_entrega_final(FK)1:N | I1: fecha_entrega_final(*)
A2: 1 | B2: =paciente!A2 -> 1 | C2: =paciente!H2 -> 1 | D2: =paciente!F2 -> 1 | E2: =medicamento_entregado!C2 -> 1 | F2: =especializacion!A2 -> 1 | G2: =medicamento_entregado!B2 -> 2 | H2: =medicamento_entregado!F2 -> 1 | I2: =fecha_entrega!A2 -> 1
A3: 2 | B3: =paciente!A2 -> 1 | C3: =paciente!H2 -> 1 | D3: =paciente!F2 -> 1 | E3: =medicamento_entregado!C3 -> 1 | F3: =medico!C2 -> 1 | G3: =medicamento_entregado!B3 -> 4 | H3: =medicamento_entregado!F3 -> 1 | I3: =fecha_entrega!A2 -> 1
A4: 3 | B4: =medicamento_entregado!D4 -> 2 | C4: =paciente!H3 -> 2 | D4: =paciente!F3 -> 2 | E4: =medicamento_entregado!C4 -> 2 | F4: =medico!C3 -> 2 | G4: =medicamento_entregado!B4 -> 2 | H4: =medicamento_entregado!F4 -> 2 | I4: =fecha_entrega!A3 -> 2
A5: 4 | B5: =medicamento_entregado!D5 -> 3 | C5: =paciente!H4 -> 1 | D5: =paciente!F4 -> 3 | E5: =medicamento_entregado!C5 -> 1 | F5: =medico!C2 -> 1 | G5: =medicamento_entregado!B5 -> 3 | H5: =medicamento_entregado!F5 -> 3 | I5: =fecha_entrega!A4 -> 3
A6: 5 | B6: =medicamento_entregado!D6 -> 4 | C6: =paciente!H5 -> 2 | D6: =paciente!F5 -> 4 | E6: =medicamento_entregado!C6 -> 3 | F6: =medico!C4 -> 3 | G6: =medicamento_entregado!B6 -> 4 | H6: =medicamento_entregado!F6 -> 4 | I6: =fecha_entrega!A5 -> 4
A7: 8 | B7: =medicamento_entregado!D7 -> 5 | C7: =paciente!H6 -> 1 | D7: =paciente!F6 -> 1 | E7: =medicamento_entregado!C7 -> 4 | F7: =medico!C5 -> 4 | G7: =medicamento_entregado!B7 -> 5 | H7: =medicamento_entregado!F7 -> 1 | I7: =fecha_entrega!A6 -> 5
A8: 9 | B8: =medicamento_entregado!D8 -> 5 | C8: =paciente!H6 -> 1 | D8: =paciente!F6 -> 1 | E8: =medicamento_entregado!C8 -> 4 | F8: =medico!C5 -> 4 | G8: =medicamento_entregado!F8 -> 1 | H8: =medicamento_entregado!F8 -> 1 | I8: =fecha_entrega!A6 -> 5
A9: 10 | B9: =medicamento_entregado!D9 -> 6 | C9: =paciente!H7 -> 3 | D9: =paciente!F7 -> 2 | E9: =medicamento_entregado!C9 -> 4 | F9: =medico!C5 -> 4 | G9: =medicamento_entregado!B9 -> 5 | H9: =medicamento_entregado!F9 -> 5 | I9: =fecha_entrega!A7 -> 6
A10: 11 | B10: =medicamento_entregado!D10 -> 6 | C10: =paciente!H7 -> 3 | D10: =paciente!F7 -> 2 | E10: =medicamento_entregado!C10 -> 4 | F10: =medico!C5 -> 4 | G10: =medicamento_entregado!B10 -> 4 | H10: =medicamento_entregado!F10 -> 5 | I10: =fecha_entrega!A7 -> 6
A11: 12 | B11: =medicamento_entregado!D11 -> 7 | C11: =paciente!H8 -> 4 | D11: =paciente!F8 -> 1 | E11: =medicamento_entregado!C11 -> 4 | F11: =medico!C5 -> 4 | G11: =medicamento_entregado!B11 -> 5 | H11: =medicamento_entregado!F11 -> 6 | I11: =fecha_entrega!A8 -> 7
A12: 13 | B12: =medicamento_entregado!D12 -> 7 | C12: =paciente!H8 -> 4 | D12: =paciente!F8 -> 1 | E12: =medicamento_entregado!C12 -> 4 | F12: =medico!C5 -> 4 | G12: =medicamento_entregado!B12 -> 4 | H12: =medicamento_entregado!F12 -> 6 | I12: =fecha_entrega!A8 -> 7
A13: 14 | B13: =medicamento_entregado!D13 -> 7 | C13: =paciente!H8 -> 4 | D13: =paciente!F8 -> 1 | E13: =medicamento_entregado!C13 -> 4 | F13: =medico!C5 -> 4 | G13: =medicamento_entregado!B13 -> 4 | H13: =medicamento_entregado!F13 -> 6 | I13: =fecha_entrega!A8 -> 7
A14: 15 | B14: =medicamento_entregado!D14 -> 8 | C14: =paciente!H9 -> 4 | D14: =paciente!F9 -> 3 | E14: =medicamento_entregado!C14 -> 2 | F14: =medico!C3 -> 2 | G14: =medicamento_entregado!B14 -> 6 | H14: =medicamento_entregado!F14 -> 5 | I14: =fecha_entrega!A9 -> 8
A15: 16 | B15: =medicamento_entregado!D15 -> 8 | C15: =paciente!H9 -> 4 | D15: =paciente!F9 -> 3 | E15: =medicamento_entregado!C15 -> 2 | F15: =medico!C3 -> 2 | G15: =medicamento_entregado!B15 -> 7 | H15: =medicamento_entregado!F15 -> 5 | I15: =fecha_entrega!A9 -> 8
A16: 17 | B16: =medicamento_entregado!D16 -> 9 | C16: =paciente!H10 -> 5 | D16: =paciente!F10 -> 4 | E16: =medicamento_entregado!C16 -> 6 | F16: =medico!C7 -> 3 | G16: =medicamento_entregado!B16 -> 5 | H16: =medicamento_entregado!F16 -> 2 | I16: =fecha_entrega!A10 -> 9
A17: 18 | B17: =medicamento_entregado!D17 -> 9 | C17: =paciente!H10 -> 5 | D17: =paciente!F10 -> 4 | E17: =medicamento_entregado!C17 -> 6 | F17: =medico!C7 -> 3 | G17: =medicamento_entregado!B17 -> 4 | H17: =medicamento_entregado!F17 -> 2 | I17: =fecha_entrega!A10 -> 9

Sheet fecha_entrega
A1: id_fecha_entrega(PK) | B1: fecha_de_entrega(*)
A2: 1 | B2: 45672
A3: 2 | B3: 45675
A4: 3 | B4: 45684
A5: 4 | B5: 45668
A6: 5 | B6: 45695
A7: 6 | B7: 45660
A8: 7 | B8: 45686
A9: 8 | B9: 45706
A10: 9 | B10: 45666

Sheet cantidad_medicamento_entregado
A1: id_medicamento_entregado(PK) | B1: cantidad_medicamento_entregado(*)
A2: 1 | B2: 1
A3: 2 | B3: 2
A4: 3 | B4: 3
