Workbook

Sheet BASE
A1: Proyecto | B1: Líder | C1: Empleados | D1: Rol | E1: Actividades | F1: Horas | G1: Costo Hora | H1: Fecha Inicio | I1: Fecha Fin
A2: 1 | B2: Carlos Ruiz | C2: Ana, Pedro | D2: Diseñadora, Tester | E2: Diseño UI, Pruebas | F2: 80,100 | G2: 30.000,25.000 | H2: 2025-02-01 | I2: 2025-05-01
A3: 2 | B3: Marta Díaz | C3: Luis | D3: Analista | E3: Levantamiento | F3: 120 | G3: 28.000 | H3: 2025-03-01 | I3: 2025-06-01
A4: 3 | B4: Carlos Quintero | C4: Daniel Torres, Andrés Zea, Marta García | D4: Scrum Master, QA, Analista | E4: Deploy, Mantenimiento | F4: 143,199 | G4: 43419,42705,50831 | H4: 2025-01-09 | I4: 2025-03-15
A5: 4 | B5: Andrés García | C5: Valentina García | D5: Tester | E5: Documentación, Levantamiento | F5: 167,127 | G5: 24850 | H5: 2025-03-26 | I5: 2025-06-12
A6: 5 | B6: Luis Quintero | C6: Daniel Ruiz | D6: Diseñadora | E6: Deploy, Mantenimiento | F6: 195,82 | G6: 20813 | H6: 2025-02-19 | I6: 2025-05-30
A7: 6 | B7: Andrés Torres | C7: Marta Torres | D7: QA | E7: Desarrollo Backend, Desarrollo Frontend | F7: 193,40 | G7: 53881 | H7: 2025-03-08 | I7: 2025-06-02
A8: 7 | B8: Valentina Zea | C8: Julián Quintero | D8: Analista | E8: Desarrollo Backend, Desarrollo Frontend | F8: 46,106 | G8: 52727 | H8: 2025-02-23 | I8: 2025-06-19
A9: 8 | B9: Ana Zea | C9: Pedro Ruiz, Andrés Ramírez | D9: Tester, Product Owner | E9: Planeación Sprint | F9: 61 | G9: 34221,40798 | H9: 2025-03-18 | I9: 2025-06-16
A10: 9 | B10: Sofía López | C10: Andrés Zea, Daniel Ruiz, Andrés Gómez | D10: Desarrollador, Diseñadora, Analista | E10: Desarrollo Backend, Desarrollo Frontend | F10: 43,175 | G10: 37237,56301,27565 | H10: 2025-03-19 | I10: 2025-05-01
A11: 10 | B11: Andrés Díaz | C11: Valentina Quintero, Camila López, Sofía Torres | D11: Diseñadora, Tester, Scrum Master | E11: Deploy, Mantenimiento | F11: 72,47 | G11: 24690,35179,41511 | H11: 2025-01-22 | I11: 2025-02-24
A12: 11 | B12: Andrés Quintero | C12: Luis Ramírez, Camila Díaz | D12: Analista, Analista | E12: Planeación Sprint | F12: 99 | G12: 23646,35897 | H12: 2025-02-15 | I12: 2025-06-15
A13: 12 | B13: Ana Quintero | C13: Marta Ruiz | D13: Desarrollador | E13: Planeación Sprint | F13: 50 | G13: 37463 | H13: 2025-01-16 | I13: 2025-05-19
... A501: 500 | B501: Carlos Gómez | C501: Carlos Quintero, Sofía Quintero, Daniel Ramírez | D501: Scrum Master, QA, Diseñadora | E501: Revisión Código, Ajustes finales | F501: 80,174 | G501: 31519,32282,41703 | H501: 2025-01-12 | I501: 2025-02-18

Sheet 0FN
A1: Proyecto | B1: Líder | C1: Empleados | D1: Empleado2 | E1: Empleada3 | F1: Rol | G1: Rol2 | H1: Rol3 | I1: Actividades | K1: Horas | L1: Costo hora | N1: Fecha Inicio | O1: Fecha Fin
A2: 1 | B2: Carlos Ruiz | C2: Ana | D2: Pedro | F2: Diseñadora | G2: Tester | I2: Diseño UI | J2: Pruebas | K2: 80,100 | N2: 2025-02-01 | O2: 2025-05-01
A3: 2 | B3: Marta Díaz | C3: Luis | F3: Analista | I3: Levantamiento | K3: 120 | N3: 2025-03-01 | O3: 2025-06-01
A4: 3 | B4: Carlos Quintero | C4: Daniel Torres | D4: Andrés Zea | E4: Marta García | F4: Scrum Master | G4: QA | H4: Analista | I4: Deploy | J4: Mantenimiento | K4: 143,199 | N4: 2025-01-09 | O4: 2025-03-15
A5: 4 | B5: Andrés García | C5: Valentina García | F5: Tester | I5: Documentación | J5: Levantamiento | K5: 167,127 | N5: 2025-03-26 | O5: 2025-06-12
A6: 5 | B6: Luis Quintero | C6: Daniel Ruiz | F6: Diseñadora | I6: Deploy | J6: Mantenimiento | K6: 195,82 | N6: 2025-02-19 | O6: 2025-05-30
A7: 6 | B7: Andrés Torres | C7: Marta Torres | F7: QA | I7: Desarrollo Backend | J7: Desarrollo Frontend | K7: 193,40 | N7: 2025-03-08 | O7: 2025-06-02
A8: 7 | B8: Valentina Zea | C8: Julián Quintero | F8: Analista | I8: Desarrollo Backend | J8: Desarrollo Frontend | K8: 46,106 | N8: 2025-02-23 | O8: 2025-06-19
A9: 8 | B9: Ana Zea | C9: Pedro Ruiz | D9: Andrés Ramírez | F9: Tester | G9: Product Owner | I9: Planeación Sprint | K9: 61 | N9: 2025-03-18 | O9: 2025-06-16
A10: 9 | B10: Sofía López | C10: Andrés Zea | D10: Daniel Ruiz | E10: Andrés Gómez | F10: Desarrollador | G10: Diseñadora | H10: Analista | I10: Desarrollo Backend | J10: Desarrollo Frontend | K10: 43,175 | N10: 2025-03-19 | O10: 2025-05-01
A11: 10 | B11: Andrés Díaz | C11: Valentina Quintero | D11: Camila López | E11: Sofía Torres | F11: Diseñadora | G11: Tester | H11: Scrum Master | I11: Deploy | J11: Mantenimiento | K11: 72,47 | N11: 2025-01-22 | O11: 2025-02-24
A12: 11 | B12: Andrés Quintero | C12: Luis Ramírez | D12: Camila Díaz | F12: Analista | G12: Analista | I12: Planeación Sprint | K12: 99 | N12: 2025-02-15 | O12: 2025-06-15
A13: 12 | B13: Ana Quintero | C13: Marta Ruiz | F13: Desarrollador | I13: Planeación Sprint | K13: 50 | N13: 2025-01-16 | O13: 2025-05-19
A14: 13 | B14: Ana Torres | C14: Julián García | D14: Luis Torres | E14: Andrés Zea | F14: Product Owner | G14: Scrum Master | H14: Product Owner | I14: Desarrollo Backend | J14: Desarrollo Frontend | K14: 53,94 | N14: 2025-01-07 | O14: 2025-04-22
A15: 14 | B15: Luis Gómez | C15: Julián Martínez | D15: Luis García | E15: Ana López | F15: Diseñadora | G15: QA | H15: Product Owner | I15: Deploy | J15: Mantenimiento | K15: 109,180 | N15: 2025-02-04 | O15: 2025-07-01
A16: 15 | B16: Ana Torres | C16: Julián Torres | D16: Sofía Quintero | F16: Scrum Master | G16: Diseñadora | I16: Documentación | J16: Levantamiento | K16: 141,63 | N16: 2025-01-07 | O16: 2025-05-23
A17: 16 | B17: Pedro Ruiz | C17: Camila Ruiz | D17: Valentina García | E17: Ana Ruiz | F17: Diseñadora | G17: Scrum Master | H17: Diseñadora | I17: Deploy | J17: Mantenimiento | K17: 197,187 | N17: 2025-02-27 | O17: 2025-06-11
A18: 17 | B18: Marta Ruiz | C18: Luis Gómez | D18: Luis Zea | F18: Scrum Master | G18: Diseñadora | I18: Documentación | J18: Levantamiento | K18: 172,134 | N18: 2025-01-04 | O18: 2025-05-08
A19: 18 | B19: Julián Zea | C19: Julián Gómez | D19: Sofía Ramírez | E19: Andrés Díaz | F19: Tester | G19: Diseñadora | H19: Desarrollador | I19: Diseño UI | J19: Pruebas | K19: 152,197 | N19: 2025-01-07 | O19: 2025-02-16
A20: 19 | B20: Pedro Zea | C20: Valentina García | D20: Julián Ruiz | F20: Tester | G20: Diseñadora | I20: Revisión Código | J20: Ajustes finales | K20: 156,52 | N20: 2025-01-11 | O20: 2025-02-17
A21: 20 | B21: Sofía Martínez | C21: Camila García | D21: Andrés García | E21: Carlos López | F21: Diseñadora | G21: Product Owner | H21: Desarrollador | I21: Planeación Sprint | K21: 90 | N21: 2025-01-03 | O21: 2025-02-04
A22: 21 | B22: Carlos Gómez | C22: Luis Ramírez | F22: Tester | I22: Planeación Sprint | K22: 168 | N22: 2025-01-30 | O22: 2025-04-21
A23: 22 | B23: Carlos Quintero | C23: Luis Díaz | D23: Carlos Zea | F23: Scrum Master | G23: Product Owner | I23: Diseño UI | J23: Pruebas | K23: 198,99 | N23: 2025-03-19 | O23: 2025-05-10
A24: 23 | B24: Valentina Díaz | C24: Julián Quintero | D24: Sofía López | F24: Product Owner | G24: Product Owner | I24: Diseño UI | J24: Pruebas | K24: 56,187 | N24: 2025-03-21 | O24: 2025-04-20
A25: 24 | B25: Carlos Ruiz | C25: Valentina García | F25: Product Owner | I25: Diseño UI | J25: Pruebas | K25: 100,124 | N25: 2025-02-27 | O25: 2025-04-06
A26: 25 | B26: Valentina Quintero | C26: Marta Quintero | F26: Tester | I26: Revisión Código | J26: Ajustes finales | K26: 143,151 | N26: 2025-01-26 | O26: 2025-06-13
A27: 26 | B27: Luis Díaz | C27: Luis Gómez | D27: Sofía Martínez | E27: Andrés Martínez | F27: Desarrollador | G27: Tester | H27: QA | I27: Documentación | J27: Levantamiento | K27: 159,158 | N27: 2025-03-03 | O27: 2025-05-27
A28: 27 | B28: Daniel Díaz | C28: Marta García | D28: Ana Zea | F28: QA | G28: Diseñadora | I28: Revisión Código | J28: Ajustes finales | K28: 135,188 | N28: 2025-03-20 | O28: 2025-05-16
A29: 28 | B29: Carlos Ruiz | C29: Sofía García | D29: Pedro Ruiz | F29: QA | G29: Tester | I29: Deploy | J29: Mantenimiento | K29: 142,51 | N29: 2025-02-13 | O29: 2025-04-06
A30: 29 | B30: Daniel Gómez | C30: Luis Ruiz | D30: Julián Torres | F30: Diseñadora | G30: Scrum Master | I30: Revisión Código | J30: Ajustes finales | K30: 130,121 | N30: 2025-01-07 | O30: 2025-02-19
A31: 30 | B31: Ana Ramírez | C31: Ana Ramírez | F31: Product Owner | I31: Documentación | J31: Levantamiento | K31: 47,42 | N31: 2025-01-18 | O31: 2025-06-06
A32: 31 | B32: Andrés López | C32: Marta Torres | D32: Luis Martínez | E32: Luis Torres | F32: Analista | G32: Analista | H32: QA | I32: Deploy | J32: Mantenimiento | K32: 49,191 | N32: 2025-03-01 | O32: 2025-06-19
A33: 32 | B33: Luis Díaz | C33: Valentina Torres | D33: Ana Díaz | E33: Camila Martínez | F33: Tester | G33: Scrum Master | H33: Desarrollador | I33: Desarrollo Backend | J33: Desarrollo Frontend | K33: 137,49 | N33: 2025-02-20 | O33: 2025-06-12
A34: 33 | B34: Marta Ruiz | C34: Andrés Martínez | D34: Marta Ruiz | E34: Camila García | F34: Analista | G34: Analista | H34: Diseñadora | I34: Diseño UI | J34: Pruebas | K34: 78,149 | N34: 2025-01-12 | O34: 2025-02-21
A35: 34 | B35: Pedro Ruiz | C35: Luis Zea | F35: Scrum Master | I35: Deploy | J35: Mantenimiento | K35: 132,107 | N35: 2025-03-18 | O35: 2025-05-06
A36: 35 | B36: Daniel Martínez | C36: Carlos Quintero | D36: Marta Díaz | E36: Carlos García | F36: Diseñadora | G36: Scrum Master | H36: Analista | I36: Revisión Código | J36: Ajustes finales | K36: 60,142 | N36: 2025-03-07 | O36: 2025-04-28
A37: 36 | B37: Andrés Zea | C37: Camila Díaz | D37: Camila Díaz | E37: Luis Torres | F37: Product Owner | G37: Analista | H37: Scrum Master | I37: Diseño UI | J37: Pruebas | K37: 62,166 | N37: 2025-03-23 | O37: 2025-04-24
A38: 37 | B38: Camila Ruiz | C38: Sofía Quintero | F38: Scrum Master | I38: Revisión Código | J38: Ajustes finales | K38: 45,71 | N38: 2025-03-19 | O38: 2025-05-15
A39: 38 | B39: Ana López | C39: Sofía Martínez | D39: Sofía Quintero | E39: Luis Ruiz | F39: Desarrollador | G39: QA | H39: Tester | I39: Planeación Sprint | K39: 56 | N39: 2025-02-09 | O39: 2025-06-17
A40: 39 | B40: Julián Díaz | C40: Ana Ruiz | F40: Desarrollador | I40: Deploy | J40: Mantenimiento | K40: 68,176 | N40: 2025-03-20 | O40: 2025-07-27
A41: 40 | B41: Pedro Ramírez | C41: Sofía Zea | F41: Desarrollador | I41: Planeación Sprint | K41: 77 | N41: 2025-01-12 | O41: 2025-04-19
A42: 41 | B42: Camila García | C42: Julián García | D42: Valentina López | F42: QA | G42: Tester | I42: Deploy | J42: Mantenimiento | K42: 97,178 | N42: 2025-03-24 | O42: 2025-08-18
A43: 42 | B43: Daniel Ramírez | C43: Julián Martínez | F43: Product Owner | I43: Deploy | J43: Mantenimiento | K43: 53,196 | N43: 2025-01-20 | O43: 2025-06-03
A44: 43 | B44: Andrés Zea | C44: Luis López | D44: Luis Quintero | F44: Tester | G44: Tester | I44: Diseño UI | J44: Pruebas | K44: 81,191 | N44: 2025-01-06 | O44: 2025-04-15
A45: 44 | B45: Sofía Quintero | C45: Carlos López | D45: Pedro García | F45: Product Owner | G45: Scrum Master | I45: Documentación | J45: Levantamiento | K45: 147,76 | N45: 2025-01-17 | O45: 2025-05-08
A46: 45 | B46: Luis García | C46: Pedro Zea | F46: QA | I46: Diseño UI | J46: Pruebas | K46: 83,111 | N46: 2025-03-06 | O46: 2025-08-02
A47: 46 | B47: Ana López | C47: Marta Gómez | F47: Product Owner | I47: Desarrollo Backend | J47: Desarrollo Frontend | K47: 124,88 | N47: 2025-01-13 | O47: 2025-05-03
A48: 47 | B48: Valentina Díaz | C48: Camila López | D48: Ana Torres | E48: Sofía Ramírez | F48: Product Owner | G48: Product Owner | H48: QA | I48: Documentación | J48: Levantamiento | K48: 155,150 | N48: 2025-03-12 | O48: 2025-04-24
A49: 48 | B49: Daniel Ramírez | C49: Luis Torres | F49: QA | I49: Revisión Código | J49: Ajustes finales | K49: 139,144 | N49: 2025-03-27 | O49: 2025-06-26
A50: 49 | B50: Camila Martínez | C50: Pedro Ruiz | D50: Marta Ramírez | E50: Pedro López | F50: QA | G50: Scrum Master | H50: QA | I50: Deploy | J50: Mantenimiento | K50: 113,125 | N50: 2025-02-22 | O50: 2025-05-13
A51: 50 | B51: Ana Quintero | C51: Carlos Zea | D51: Marta Zea | F51: Analista | G51: Analista | I51: Planeación Sprint | K51: 91 | N51: 2025-03-31 | O51: 2025-07-15
A52: 51 | B52: Valentina Díaz | C52: Carlos Quintero | D52: Carlos Quintero | F52: Tester | G52: Tester | I52: Documentación | J52: Levantamiento | K52: 121,75 | N52: 2025-01-02 | O52: 2025-03-26
A53: 52 | B53: Ana Torres | C53: Camila Martínez | D53: Andrés Ruiz | F53: Scrum Master | G53: Tester | I53: Documentación | J53: Levantamiento | K53: 117,88 | N53: 2025-01-05 | O53: 2025-06-02
A54: 53 | B54: Daniel Gómez | C54: Daniel Ramírez | D54: Luis Díaz | E54: Camila Martínez | F54: Product Owner | G54: Scrum Master | H54: Desarrollador | I54: Diseño UI | J54: Pruebas | K54: 126,114 | N54: 2025-03-13 | O54: 2025-04-17
A55: 54 | B55: Julián Ramírez | C55: Julián Ramírez | F55: Analista | I55: Desarrollo Backend | J55: Desarrollo Frontend | K55: 42,93 | N55: 2025-03-30 | O55: 2025-06-16
A56: 55 | B56: Daniel Torres | C56: Sofía Zea | D56: Valentina López | F56: Diseñadora | G56: Analista | I56: Desarrollo Backend | J56: Desarrollo Frontend | K56: 149,144 | N56: 2025-03-04 | O56: 2025-05-27
A57: 56 | B57: Camila Zea | C57: Ana Ruiz | D57: Marta López | F57: Diseñadora | G57: Diseñadora | I57: Planeación Sprint | K57: 163 | N57: 2025-02-07 | O57: 2025-06-29
A58: 57 | B58: Daniel Ruiz | C58: Camila Martínez | D58: Luis Torres | E58: Sofía Torres | F58: Analista | G58: Diseñadora | H58: Analista | I58: Desarrollo Backend | J58: Desarrollo Frontend | K58: 121,186 | N58: 2025-03-05 | O58: 2025-07-07
A59: 58 | B59: Camila García | C59: Luis García | F59: Tester | I59: Deploy | J59: Mantenimiento | K59: 197,84 | N59: 2025-01-22 | O59: 2025-03-28
A60: 59 | B60: Julián García | C60: Carlos Zea | D60: Marta Ramírez | F60: Desarrollador | G60: Scrum Master | I60: Desarrollo Backend | J60: Desarrollo Frontend | K60: 58,48 | N60: 2025-02-18 | O60: 2025-07-04
A61: 60 | B61: Ana Martínez | C61: Sofía López | F61: Scrum Master | I61: Diseño UI | J61: Pruebas | K61: 120,152 | N61: 2025-01-02 | O61: 2025-02-26
A62: 61 | B62: Camila Díaz | C62: Valentina Ruiz | D62: Sofía Gómez | E62: Luis Ramírez | F62: Analista | G62: Scrum Master | H62: Product Owner | I62: Documentación | J62: Levantamiento | K62: 168,121 | N62: 2025-01-23 | O62: 2025-02-26
A63: 62 | B63: Camila Ruiz | C63: Luis Quintero | F63: Desarrollador | I63: Planeación Sprint | K63: 146 | N63: 2025-03-01 | O63: 2025-06-03
A64: 63 | B64: Valentina López | C64: Julián Martínez | F64: QA | I64: Desarrollo Backend | J64: Desarrollo Frontend | K64: 140,70 | N64: 2025-02-23 | O64: 2025-06-03
A65: 64 | B65: Camila García | C65: Pedro Torres | D65: Andrés Zea | F65: Diseñadora | G65: Diseñadora | I65: Documentación | J65: Levantamiento | K65: 166,100 | N65: 2025-01-07 | O65: 2025-05-20
A66: 65 | B66: Carlos Zea | C66: Daniel Zea | D66: Camila Torres | E66: Daniel García | F66: Diseñadora | G66: Desarrollador | H66: Product Owner | I66: Revisión Código | J66: Ajustes finales | K66: 99,100 | N66: 2025-01-16 | O66: 2025-02-23
A67: 66 | B67: Daniel Zea | C67: Valentina Díaz | F67: Diseñadora | I67: Desarrollo Backend | J67: Desarrollo Frontend | K67: 93,56 | N67: 2025-02-07 | O67: 2025-04-27
A68: 67 | B68: Daniel López | C68: Luis Díaz | F68: Analista | I68: Planeación Sprint | K68: 194 | N68: 2025-03-16 | O68: 2025-06-15
A69: 68 | B69: Luis Gómez | C69: Daniel Zea | D69: Marta García | E69: Andrés Ramírez | F69: QA | G69: Diseñadora | H69: Diseñadora | I69: Documentación | J69: Levantamiento | K69: 70,77 | N69: 2025-02-01 | O69: 2025-06-12
A70: 69 | B70: Luis Quintero | C70: Luis García | F70: Analista | I70: Diseño UI | J70: Pruebas | K70: 100,92 | N70: 2025-03-07 | O70: 2025-06-08
A71: 70 | B71: Sofía García | C71: Pedro Martínez | D71: Andrés Díaz | F71: QA | G71: Diseñadora | I71: Deploy | J71: Mantenimiento | K71: 96,135 | N71: 2025-04-01 | O71: 2025-08-14
A72: 71 | B72: Luis Díaz | C72: Camila Gómez | D72: Carlos Martínez | F72: Diseñadora | G72: Desarrollador | I72: Revisión Código | J72: Ajustes finales | K72: 50,129 | N72: 2025-01-30 | O72: 2025-06-14
A73: 72 | B73: Valentina Quintero | C73: Marta Gómez | D73: Pedro Quintero | E73: Carlos Torres | F73: QA | G73: Desarrollador | H73: Product Owner | I73: Desarrollo Backend | J73: Desarrollo Frontend | K73: 44,93 | N73: 2025-03-06 | O73: 2025-06-27
A74: 73 | B74: Camila Quintero | C74: Marta Quintero | D74: Luis Martínez | F74: Desarrollador | G74: Analista | I74: Planeación Sprint | K74: 95 | N74: 2025-03-20 | O74: 2025-05-05
A75: 74 | B75: Andrés Ramírez | C75: Luis Ramírez | F75: Analista | I75: Deploy | J75: Mantenimiento | K75: 183,49 | N75: 2025-02-13 | O75: 2025-04-14
A76: 75 | B76: Marta Zea | C76: Carlos Gómez | D76: Camila Gómez | E76: Valentina Ramírez | F76: Desarrollador | G76: Analista | H76: Tester | I76: Documentación | J76: Levantamiento | K76: 166,111 | N76: 2025-01-11 | O76: 2025-03-19
A77: 76 | B77: Luis Ruiz | C77: Pedro Gómez | F77: Desarrollador | I77: Deploy | J77: Mantenimiento | K77: 112,98 | N77: 2025-01-22 | O77: 2025-03-22
A78: 77 | B78: Luis Quintero | C78: Marta Ruiz | D78: Camila Gómez | E78: Carlos Gómez | F78: Tester | G78: QA | H78: Analista | I78: Documentación | J78: Levantamiento | K78: 65,149 | N78: 2025-03-14 | O78: 2025-06-26
A79: 78 | B79: Daniel García | C79: Julián Ramírez | F79: Analista | I79: Revisión Código | J79: Ajustes finales | K79: 189,79 | N79: 2025-02-08 | O79: 2025-06-11
A80: 79 | B80: Andrés Ramírez | C80: Daniel Ruiz | D80: Pedro Díaz | F80: Product Owner | G80: QA | I80: Documentación | J80: Levantamiento | K80: 62,102 | N80: 2025-01-14 | O80: 2025-03-04
A81: 80 | B81: Luis Martínez | C81: Luis Martínez | D81: Luis Ramírez | E81: Pedro Gómez | F81: Analista | G81: Analista | H81: Product Owner | I81: Deploy | J81: Mantenimiento | K81: 73,179 | N81: 2025-03-08 | O81: 2025-06-10
A82: 81 | B82: Luis Torres | C82: Luis Díaz | D82: Sofía Ruiz | E82: Ana Gómez | F82: Product Owner | G82: Scrum Master | H82: Scrum Master | I82: Deploy | J82: Mantenimiento | K82: 181,188 | N82: 2025-02-14 | O82: 2025-04-11
A83: 82 | B83: Luis Gómez | C83: Valentina Ruiz | D83: Pedro Quintero | E83: Pedro Díaz | F83: Analista | G83: Tester | H83: Desarrollador | I83: Desarrollo Backend | J83: Desarrollo Frontend | K83: 40,124 | N83: 2025-02-25 | O83: 2025-06-10
A84: 83 | B84: Julián Ruiz | C84: Pedro García | D84: Camila Díaz | E84: Marta Torres | F84: Analista | G84: QA | H84: Scrum Master | I84: Diseño UI | J84: Pruebas | K84: 45,81 | N84: 2025-02-14 | O84: 2025-04-12
A85: 84 | B85: Julián Ruiz | C85: Sofía Ramírez | F85: Product Owner | I85: Revisión Código | J85: Ajustes finales | K85: 103,187 | N85: 2025-03-18 | O85: 2025-06-11
A86: 85 | B86: Marta Martínez | C86: Luis Díaz | D86: Sofía Gómez | F86: Analista | G86: Analista | I86: Deploy | J86: Mantenimiento | K86: 91,173 | N86: 2025-03-08 | O86: 2025-04-14
A87: 86 | B87: Luis Díaz | C87: Valentina Gómez | D87: Marta Torres | E87: Luis Gómez | F87: QA | G87: Tester | H87: QA | I87: Deploy | J87: Mantenimiento | K87: 158,131 | N87: 2025-03-09 | O87: 2025-07-14
A88: 87 | B88: Ana Torres | C88: Valentina Gómez | D88: Carlos Torres | F88: QA | G88: Desarrollador | I88: Documentación | J88: Levantamiento | K88: 108,126 | N88: 2025-01-15 | O88: 2025-06-01
A89: 88 | B89: Sofía García | C89: Marta García | D89: Carlos Gómez | E89: Julián Díaz | F89: Diseñadora | G89: Tester | H89: Analista | I89: Planeación Sprint | K89: 179 | N89: 2025-03-28 | O89: 2025-05-08
A90: 89 | B90: Valentina Ramírez | C90: Marta Díaz | D90: Sofía Martínez | E90: Andrés Martínez | F90: Product Owner | G90: Diseñadora | H90: Product Owner | I90: Revisión Código | J90: Ajustes finales | K90: 90,166 | N90: 2025-03-23 | O90: 2025-05-15
A91: 90 | B91: Camila Díaz | C91: Valentina Gómez | D91: Andrés Ramírez | F91: QA | G91: Diseñadora | I91: Revisión Código | J91: Ajustes finales | K91: 69,181 | N91: 2025-02-06 | O91: 2025-05-19
A92: 91 | B92: Pedro Ruiz | C92: Luis Ruiz | D92: Ana Gómez | F92: Scrum Master | G92: QA | I92: Diseño UI | J92: Pruebas | K92: 188,107 | N92: 2025-03-07 | O92: 2025-06-19
A93: 92 | B93: Ana Torres | C93: Andrés Torres | F93: QA | I93: Revisión Código | J93: Ajustes finales | K93: 144,99 | N93: 2025-03-11 | O93: 2025-05-22
A94: 93 | B94: Luis Ramírez | C94: Ana Ruiz | D94: Valentina López | E94: Pedro García | F94: Scrum Master | G94: Diseñadora | H94: Analista | I94: Desarrollo Backend | J94: Desarrollo Frontend | K94: 84,69 | N94: 2025-01-11 | O94: 2025-05-24
A95: 94 | B95: Camila Ruiz | C95: Valentina Ramírez | F95: Diseñadora | I95: Documentación | J95: Levantamiento | K95: 57,52 | N95: 2025-02-23 | O95: 2025-06-07
A96: 95 | B96: Carlos García | C96: Camila Ramírez | D96: Andrés García | F96: Diseñadora | G96: Product Owner | I96: Desarrollo Backend | J96: Desarrollo Frontend | K96: 200,175 | N96: 2025-01-17 | O96: 2025-04-25
A97: 96 | B97: Julián Quintero | C97: Camila García | F97: Tester | I97: Deploy | J97: Mantenimiento | K97: 94,186 | N97: 2025-02-06 | O97: 2025-04-04
A98: 97 | B98: Daniel Ramírez | C98: Pedro Quintero | F98: Tester | I98: Diseño UI | J98: Pruebas | K98: 164,199 | N98: 2025-03-24 | O98: 2025-05-27
A99: 98 | B99: Carlos Díaz | C99: Luis Díaz | D99: Pedro Torres | F99: Diseñadora | G99: Diseñadora | I99: Deploy | J99: Mantenimiento | K99: 122,92 | N99: 2025-01-16 | O99: 2025-04-27
A100: 99 | B100: Julián Díaz | C100: Andrés Díaz | D100: Daniel García | F100: Desarrollador | G100: Diseñadora | I100: Revisión Código | J100: Ajustes finales | K100: 94,150 | N100: 2025-03-31 | O100: 2025-05-10
...

Sheet CIUDADES
A1: id_ciudad (PK)(*) | B1: nombre_ciudad (*)
A2: 1 | B2: Bogotá
A3: 2 | B3: Medellín
A4: 3 | B4: Bucaramanga
A5: 4 | B5: Barranquilla
A6: 5 | B6: Cali

Sheet LIDER
A1: id_líder (PK)(*) | B1: tipo_doc_lider (*)(FK)1:1 | C1: num_doc_lider (*) | D1: nombre1_líder (*) | E1: nombre2_líder | F1: apellido1_líder (*) | G1: apellido2_líder | H1: direccion(*) | I1: correo(*) | J1: ciudad(*)FK (1:1) | K1: Telefono(*)
A2: 1 | B2: =TIPO_DOC!A2 -> 1 | C2: 123456789 | D2: Carlos | E2: mario | F2: Ruiz | H2: Calle 7 #4-16 | I2: =_xlfn.CONCAT(D2,"_",LEFT(F2,3),CHOOSE(RANDBETWEEN(1,2),"@gmail.com","@hotmail.com")) -> Carlos_Rui@hotmail.com | J2: {=CIUDADES!A2:A6} -> 1 | K2: 3216549874
A3: 2 | B3: =TIPO_DOC!A2 -> 1 | C3: 345678987654 | D3: Marta | F3: Díaz | G3: quintero | H3: Calle 27 # 11-35 | I3: =_xlfn.CONCAT(D3,"_",LEFT(F3,3),CHOOSE(RANDBETWEEN(1,2),"@gmail.com","@hotmail.com")) -> Marta_Día@hotmail.com | J3: 2 | K3: 6564825521
A4: 3 | B4: =TIPO_DOC!A2 -> 1 | C4: 523346754 | D4: Carlos | E4: andres | F4: Quintero | H4: Calle 66 # 5-43 | I4: =_xlfn.CONCAT(D4,"_",LEFT(F4,3),CHOOSE(RANDBETWEEN(1,2),"@gmail.com","@hotmail.com")) -> Carlos_Qui@hotmail.com | J4: 3 | K4: 6886516545
A5: 4 | B5: =TIPO_DOC!A2 -> 1 | C5: 65435643 | D5: Andrés | F5: García | G5: estrada | H5: Calle 29 # 9-26 | I5: =_xlfn.CONCAT(D5,"_",LEFT(F5,3),CHOOSE(RANDBETWEEN(1,2),"@gmail.com","@hotmail.com")) -> Andrés_Gar@gmail.com | J5: 4 | K5: 3354464215
A6: 5 | B6: =TIPO_DOC!A$2 -> 1 | C6: 234334534 | D6: Luis | E6: fernando | F6: Quintero | H6: Calle 95 # 7-15 | I6: =_xlfn.CONCAT(D6,"_",LEFT(F6,3),CHOOSE(RANDBETWEEN(1,2),"@gmail.com","@hotmail.com")) -> Luis_Qui@hotmail.com | J6: 5 | K6: 6651352115
A7: 6 | B7: =TIPO_DOC!A$2 -> 1 | C7: 45433434 | D7: Andrés | F7: Torres | G7: loaiza | H7: Calle 93 # 14-10 | I7: =_xlfn.CONCAT(D7,"_",LEFT(F7,3),CHOOSE(RANDBETWEEN(1,2),"@gmail.com","@hotmail.com")) -> Andrés_Tor@gmail.com | J7: {=CIUDADES!A2:A6} -> 1 | K7: 5212122222
A8: 7 | B8: =TIPO_DOC!A$2 -> 1 | C8: 23454345 | D8: Valentina | F8: Zea | G8: lora | H8: Calle 54 # 1-32 | I8: =_xlfn.CONCAT(D8,"_",LEFT(F8,3),CHOOSE(RANDBETWEEN(1,2),"@gmail.com","@hotmail.com")) -> Valentina_Zea@hotmail.com | J8: 2 | K8: 5425135155
A9: 8 | B9: =TIPO_DOC!A$2 -> 1 | C9: 2333434 | D9: Ana | E9: maria | F9: Zea | H9: Calle 15 # 11-17 | I9: =_xlfn.CONCAT(D9,"_",LEFT(F9,3),CHOOSE(RANDBETWEEN(1,2),"@gmail.com","@hotmail.com")) -> Ana_Zea@hotmail.com | J9: 3 | K9: 3536622222
A10: 9 | B10: =TIPO_DOC!A$2 -> 1 | C10: 2343434534 | D10: Sofía | E10: aria | F10: López | H10: Calle 89 # 14-20 | I10: =_xlfn.CONCAT(D10,"_",LEFT(F10,3),CHOOSE(RANDBETWEEN(1,2),"@gmail.com","@hotmail.com")) -> Sofía_Lóp@gmail.com | J10: 4 | K10: 2312626235
A11: 10 | B11: =TIPO_DOC!A$2 -> 1 | C11: 3434345 | D11: Andrés | F11: Díaz | G11: galarga | H11: Calle 90 # 19-20 | I11: =_xlfn.CONCAT(D11,"_",LEFT(F11,3),CHOOSE(RANDBETWEEN(1,2),"@gmail.com","@hotmail.com")) -> Andrés_Día@gmail.com | J11: 5 | K11: 6556565165
A12: 11 | B12: =TIPO_DOC!A$2 -> 1 | C12: 3453453 | D12: Andrés | F12: Quintero | H12: Calle 72 # 14-11 | I12: =_xlfn.CONCAT(D12,"_",LEFT(F12,3),CHOOSE(RANDBETWEEN(1,2),"@gmail.com","@hotmail.com")) -> Andrés_Qui@hotmail.com | J12: {=CIUDADES!A2:A6} -> 1 | K12: 12345434534
A13: 12 | B13: =TIPO_DOC!A$2 -> 1 | C13: 34544534 | D13: Ana | E13: maria | F13: Quintero | H13: Calle 18 # 1-33 | I13: =_xlfn.CONCAT(D13,"_",LEFT(F13,3),CHOOSE(RANDBETWEEN(1,2),"@gmail.com","@hotmail.com")) -> Ana_Qui@gmail.com | J13: 2 | K13: 1.1093439e+10
A14: 13 | B14: =TIPO_DOC!A$2 -> 1 | C14: 1.7365686e+08 | D14: Ana | E14: maria | F14: Torres | H14: Calle 47 # 11-9 | I14: =_xlfn.CONCAT(D14,"_",LEFT(F14,3),CHOOSE(RANDBETWEEN(1,2),"@gmail.com","@hotmail.com")) -> Ana_Tor@gmail.com | J14: 3 | K14: 1.2779493e+10
A15: 14 | B15: =TIPO_DOC!A$2 -> 1 | C15: 1.0848002e+08 | D15: Luis | F15: Gómez | G15: torres | H15: Calle 65 # 17-1 | I15: =_xlfn.CONCAT(D15,"_",LEFT(F15,3),CHOOSE(RANDBETWEEN(1,2),"@gmail.com","@hotmail.com")) -> Luis_Góm@hotmail.com | J15: 4 | K15: 1.4465548e+10
A16: 15 | B16: =TIPO_DOC!A$2 -> 1 | C16: 43303188 | D16: Pedro | E16: antonio | F16: Ruiz | H16: Calle 50 # 20-47 | I16: =_xlfn.CONCAT(D16,"_",LEFT(F16,3),CHOOSE(RANDBETWEEN(1,2),"@gmail.com","@hotmail.com")) -> Pedro_Rui@hotmail.com | J16: 5 | K16: 1.6151602e+10

Sheet PROYECTO
A1: id_proyecto (*) PK | B1: nombre_proyecto (*) | C1: decripcion_proyecto (*) | D1: lider_proyecto (*) (FK) N:1 | E1: fecha_inicio (*) | F1: fecha_fin (*)
A2: 1 | B2: Tester IA | C2: Sistema que pone a prueba modelos de inteligencia artificial mediante diferentes escenarios y casos de uso, evaluando su rendimiento, precisión y capacidad de respuesta ante distintos tipos de entradas. | D2: =LIDER!A2 -> 1 | E2: 46073 | F2: 46132
A3: 2 | B3: Evaluador de Intelecto | C3: Aplicación diseñada para medir habilidades cognitivas como razonamiento lógico, memoria y capacidad de análisis a través de pruebas estructuradas y resultados cuantificables. | D3: =LIDER!A3 -> 2 | E3: 46073 | F3: 46132
A4: 3 | B4: Generador de matriz | C4: Herramienta que crea matrices dinámicamente según parámetros definidos por el usuario (filas, columnas, valores), permitiendo realizar operaciones matemáticas o análisis estructural de datos. | D4: =LIDER!A4 -> 3 | E4: 46073 | F4: 46132
A5: 4 | B5: Calificador de materia | C5: Sistema que calcula la nota final de una asignatura a partir de diferentes porcentajes (tareas, exámenes, proyectos), generando resultados automáticos y reportes de desempeño. | D5: =LIDER!A5 -> 4 | E5: 46073 | F5: 46132
A6: 5 | B6: Promediador de nomina | C6: Aplicación que calcula promedios salariales considerando distintos factores como horas trabajadas, bonificaciones y descuentos, facilitando el análisis financiero y administrativo. | D6: =LIDER!A6 -> 5 | E6: 46073 | F6: 46132
A7: 6 | B7: Evaluador de calidad | C7: Sistema que analiza productos o procesos según criterios predefinidos, asignando puntajes o clasificaciones para determinar niveles de cumplimiento y estándares de calidad. | D7: =LIDER!A7 -> 6 | E7: 46073 | F7: 46132
A8: 7 | B8: Tester IA | C8: Sistema que pone a prueba modelos de inteligencia artificial mediante diferentes escenarios y casos de uso, evaluando su rendimiento, precisión y capacidad de respuesta ante distintos tipos de entradas. | D8: =LIDER!A8 -> 7 | E8: 46073 | F8: 46132
A9: 8 | B9: Evaluador de Intelecto | C9: Aplicación diseñada para medir habilidades cognitivas como razonamiento lógico, memoria y capacidad de análisis a través de pruebas estructuradas y resultados cuantificables. | D9: =LIDER!A9 -> 8 | E9: 46073 | F9: 46132
A10: 9 | B10: Generador de matriz | C10: Herramienta que crea matrices dinámicamente según parámetros definidos por el usuario (filas, columnas, valores), permitiendo realizar operaciones matemáticas o análisis estructural de datos. | D10: =LIDER!A10 -> 9 | E10: 46073 | F10: 46132
A11: 10 | B11: Calificador de materia | C11: Sistema que calcula la nota final de una asignatura a partir de diferentes porcentajes (tareas, exámenes, proyectos), generando resultados automáticos y reportes de desempeño. | D11: =LIDER!A11 -> 10 | E11: 46073 | F11: 46132

Sheet EMPLEADOS
A1: id_empleado(PK)(*) | B1: tipo_doc_empleado (*)1:1(FK) | C1: num_doc_empleado (*) | D1: nombre1_empleado (*) | E1: nombre2_empleado | F1: apellido1_empleado (*) | G1: apellido2_empleado | H1: Direccion (*) | I1: correo(*) | J1: ciudad(*)1:1(FK) | K1: Telefono(*) | U1: Rol | V1: Horas
A2: 1 | B2: =TIPO_DOC!A2 -> 1 | C2: 34354634212 | D2: Ana | F2: caballos | G2: gomez | H2: Cra 12 #9-21 | I2: =_xlfn.CONCAT(D2,"_",LEFT(F2,3),CHOOSE(RANDBETWEEN(1,2),"@gmail.com","@hotmail.com")) -> Ana_cab@gmail.com | J2: {=CIUDADES!A2:A6} -> 1 | K2: 46315252151 | U2: Diseñadora | V2: 80 | W2: 100
A3: 2 | B3: =TIPO_DOC!A2 -> 1 | C3: 1324543 | D3: Ana | E3: maria | F3: Díaz | H3: Calle 7 #4-16 | I3: =_xlfn.CONCAT(D3,"_",LEFT(F3,3),CHOOSE(RANDBETWEEN(1,2),"@gmail.com","@hotmail.com")) -> Ana_Día@gmail.com | J3: 2 | K3: 65465684685 | U3: Diseñadora | V3: 120
A4: 3 | B4: =TIPO_DOC!A2 -> 1 | C4: 43543442536 | D4: Ana | E4: mercedez | F4: García | H4: Calle 27 # 11-35 | I4: =_xlfn.CONCAT(D4,"_",LEFT(F4,3),CHOOSE(RANDBETWEEN(1,2),"@gmail.com","@hotmail.com")) -> Ana_Gar@gmail.com | J4: 3 | K4: 69856868 | U4: Diseñadora | V4: 143 | W4: 199
A5: 4 | B5: =TIPO_DOC!A2 -> 1 | C5: 43543435 | D5: Ana | F5: Gómez | G5: gomez | H5: Calle 66 # 5-43 | I5: =_xlfn.CONCAT(D5,"_",LEFT(F5,3),CHOOSE(RANDBETWEEN(1,2),"@gmail.com","@hotmail.com")) -> Ana_Góm@gmail.com | J5: 4 | K5: 685465468 | U5: Analista | V5: 167 | W5: 127
A6: 5 | B6: =TIPO_DOC!A2 -> 1 | C6: 235454536443 | D6: Ana | F6: López | G6: rammirez | H6: Calle 29 # 9-26 | I6: =_xlfn.CONCAT(D6,"_",LEFT(F6,3),CHOOSE(RANDBETWEEN(1,2),"@gmail.com","@hotmail.com")) -> Ana_Lóp@hotmail.com | J6: 5 | K6: 685465468 | U6: Scrum Master | V6: 195 | W6: 82
A7: 6 | B7: =TIPO_DOC!A2 -> 1 | C7: 436557 | D7: Ana | F7: Martínez | H7: Calle 95 # 7-15 | I7: =_xlfn.CONCAT(D7,"_",LEFT(F7,3),CHOOSE(RANDBETWEEN(1,2),"@gmail.com","@hotmail.com")) -> Ana_Mar@hotmail.com | J7: {=CIUDADES!A2:A6} -> 1 | K7: 685465468 | U7: Diseñadora | V7: 193 | W7: 40
A8: 7 | B8: =TIPO_DOC!A2 -> 1 | C8: 565567566543 | D8: Ana | F8: Quintero | G8: torres | H8: Calle 93 # 14-10 | I8: =_xlfn.CONCAT(D8,"_",LEFT(F8,3),CHOOSE(RANDBETWEEN(1,2),"@gmail.com","@hotmail.com")) -> Ana_Qui@hotmail.com | J8: 2 | K8: 685465468 | U8: Scrum Master | V8: 46 | W8: 106
A9: 8 | B9: =TIPO_DOC!A2 -> 1 | C9: 567435432 | D9: Ana | E9: sofia | F9: Ramírez | H9: Calle 54 # 1-32 | I9: =_xlfn.CONCAT(D9,"_",LEFT(F9,3),CHOOSE(RANDBETWEEN(1,2),"@gmail.com","@hotmail.com")) -> Ana_Ram@hotmail.com | J9: 3 | K9: 685465468 | U9: Desarrollador | V9: 61
A10: 9 | B10: =TIPO_DOC!A2 -> 1 | C10: 3455434 | D10: Ana | F10: Ruiz | G10: quintero | H10: Calle 15 # 11-17 | I10: =_xlfn.CONCAT(D10,"_",LEFT(F10,3),CHOOSE(RANDBETWEEN(1,2),"@gmail.com","@hotmail.com")) -> Ana_Rui@gmail.com | J10: 4 | K10: 685465468 | U10: QA | V10: 43 | W10: 175
A11: 10 | B11: =TIPO_DOC!A2 -> 1 | C11: 34554546356 | D11: Ana | E11: sofia | F11: Torres | H11: Calle 89 # 14-20 | I11: =_xlfn.CONCAT(D11,"_",LEFT(F11,3),CHOOSE(RANDBETWEEN(1,2),"@gmail.com","@hotmail.com")) -> Ana_Tor@hotmail.com | J11: 5 | K11: 685465468 | U11: Scrum Master | V11: 72 | W11: 47
A12: 11 | B12: =TIPO_DOC!A2 -> 1 | C12: 4565435653 | D12: Ana | F12: Zea | G12: estrada | H12: Calle 90 # 19-20 | I12: =_xlfn.CONCAT(D12,"_",LEFT(F12,3),CHOOSE(RANDBETWEEN(1,2),"@gmail.com","@hotmail.com")) -> Ana_Zea@gmail.com | J12: {=CIUDADES!A2:A6} -> 1 | K12: 685465468 | U12: Scrum Master | V12: 99
A13: 12 | B13: =TIPO_DOC!A2 -> 1 | C13: 678678868 | D13: Andrés | E13: antonio | F13: Díaz | H13: Calle 72 # 14-11 | I13: =_xlfn.CONCAT(D13,"_",LEFT(F13,3),CHOOSE(RANDBETWEEN(1,2),"@gmail.com","@hotmail.com")) -> Andrés_Día@gmail.com | J13: 2 | K13: 685465468 | U13: Desarrollador | V13: 50
A14: 13 | B14: =TIPO_DOC!A2 -> 1 | C14: 678768756 | D14: Andrés | E14: mario | F14: García | H14: Calle 18 # 1-33 | I14: =_xlfn.CONCAT(D14,"_",LEFT(F14,3),CHOOSE(RANDBETWEEN(1,2),"@gmail.com","@hotmail.com")) -> Andrés_Gar@hotmail.com | J14: 3 | K14: 685465468 | U14: Analista | V14: 53 | W14: 94
A15: 14 | B15: =TIPO_DOC!A2 -> 1 | C15: 6787567668 | D15: Andrés | F15: Gómez | H15: Calle 47 # 11-9 | I15: =_xlfn.CONCAT(D15,"_",LEFT(F15,3),CHOOSE(RANDBETWEEN(1,2),"@gmail.com","@hotmail.com")) -> Andrés_Góm@gmail.com | J15: 4 | K15: 685465468 | U15: Desarrollador | V15: 109 | W15: 180
A16: 15 | B16: =TIPO_DOC!A2 -> 1 | C16: 4.8442342e+09 | D16: Andrés | F16: López | H16: Calle 65 # 17-1 | I16: =_xlfn.CONCAT(D16,"_",LEFT(F16,3),CHOOSE(RANDBETWEEN(1,2),"@gmail.com","@hotmail.com")) -> Andrés_Lóp@gmail.com | J16: 5 | K16: 685465468 | U16: QA | V16: 141 | W16: 63
A17: 16 | B17: =TIPO_DOC!A2 -> 1 | C17: 5.5108828e+09 | D17: Andrés | F17: Martínez | H17: Calle 50 # 20-47 | I17: =_xlfn.CONCAT(D17,"_",LEFT(F17,3),CHOOSE(RANDBETWEEN(1,2),"@gmail.com","@hotmail.com")) -> Andrés_Mar@gmail.com | J17: {=CIUDADES!A2:A6} -> 1 | K17: 685465468 | U17: Scrum Master | V17: 197 | W17: 187
A18: 17 | B18: =TIPO_DOC!A2 -> 1 | C18: 6.1775314e+09 | D18: Andrés | F18: Quintero | H18: Calle 76 # 16-13 | I18: =_xlfn.CONCAT(D18,"_",LEFT(F18,3),CHOOSE(RANDBETWEEN(1,2),"@gmail.com","@hotmail.com")) -> Andrés_Qui@gmail.com | J18: 2 | K18: 685465468 | U18: Tester | V18: 172 | W18: 134
A19: 18 | B19: =TIPO_DOC!A2 -> 1 | C19: 6.84418e+09 | D19: Andrés | F19: Ramírez | H19: Calle 45 # 4-11 | I19: =_xlfn.CONCAT(D19,"_",LEFT(F19,3),CHOOSE(RANDBETWEEN(1,2),"@gmail.com","@hotmail.com")) -> Andrés_Ram@hotmail.com | J19: 3 | K19: 685465468 | U19: QA | V19: 152 | W19: 197
A20: 19 | B20: =TIPO_DOC!A2 -> 1 | C20: 7.5108286e+09 | D20: Andrés | F20: Ruiz | H20: Calle 11 # 4-16 | I20: =_xlfn.CONCAT(D20,"_",LEFT(F20,3),CHOOSE(RANDBETWEEN(1,2),"@gmail.com","@hotmail.com")) -> Andrés_Rui@gmail.com | J20: 4 | K20: 685465468 | U20: Diseñadora | V20: 156 | W20: 52
A21: 20 | B21: =TIPO_DOC!A2 -> 1 | C21: 8177477186 | D21: Andrés | F21: Torres | H21: Calle 62 # 5-27 | I21: =_xlfn.CONCAT(D21,"_",LEFT(F21,3),CHOOSE(RANDBETWEEN(1,2),"@gmail.com","@hotmail.com")) -> Andrés_Tor@gmail.com | J21: 5 | K21: 685465468 | U21: QA | V21: 90
U22: Diseñadora | V22: 168
U23: Product Owner | V23: 198 | W23: 99
U24: Scrum Master | V24: 56 | W24: 187
U25: QA | V25: 100 | W25: 124
U26: Analista | V26: 143 | W26: 151
U27: Analista | V27: 159 | W27: 158
U28: Tester | V28: 135 | W28: 188
U29: Product Owner | V29: 142 | W29: 51
U30: Analista | V30: 130 | W30: 121
U31: Diseñadora | V31: 47 | W31: 42
U32: Scrum Master | V32: 49 | W32: 191
U33: Product Owner | V33: 137 | W33: 49
U34: Scrum Master | V34: 78 | W34: 149
... U38: Tester | V38: 45 | W38: 71
U39: Tester | V39: 56
U40: Diseñadora | V40: 68 | W40: 176
U41: Diseñadora | V41: 77
U42: Product Owner | V42: 97 | W42: 178
U43: Diseñadora | V43: 53 | W43: 196
U44: Scrum Master | V44: 81 | W44: 191
U45: Diseñadora | V45: 147 | W45: 76
U46: QA | V46: 83 | W46: 111
U47: QA | V47: 124 | W47: 88
U48: Tester | V48: 155 | W48: 150
U49: Tester | V49: 139 | W49: 144
U50: Product Owner | V50: 113 | W50: 125
U51: Desarrollador | V51: 91
U52: Tester | V52: 121 | W52: 75
U53: Product Owner | V53: 117 | W53: 88
U54: Diseñadora | V54: 126 | W54: 114
U55: Desarrollador | V55: 42 | W55: 93
U56: QA | V56: 149 | W56: 144
U57: QA | V57: 163
U58: Scrum Master | V58: 121 | W58: 186
U59: Analista | V59: 197 | W59: 84
U60: Desarrollador | V60: 58 | W60: 48
U61: Diseñadora | V61: 120 | W61: 152
U62: Scrum Master | V62: 168 | W62: 121
U63: Product Owner | V63: 146
U64: Desarrollador | V64: 140 | W64: 70
U65: Diseñadora | V65: 166 | W65: 100
U66: Product Owner | V66: 99 | W66: 100
U67: Diseñadora | V67: 93 | W67: 56
U68: Tester | V68: 194
U69: Tester | V69: 70 | W69: 77
U70: Tester | V70: 100 | W70: 92
U71: Product Owner | V71: 96 | W71: 135
U72: Product Owner | V72: 50 | W72: 129
U73: QA | V73: 44 | W73: 93
U74: Diseñadora | V74: 95
U75: Product Owner | V75: 183 | W75: 49
U76: Analista | V76: 166 | W76: 111
U77: Diseñadora | V77: 112 | W77: 98
U78: Scrum Master | V78: 65 | W78: 149
U79: Desarrollador | V79: 189 | W79: 79
U80: Analista | V80: 62 | W80: 102
U81: Scrum Master | V81: 73 | W81: 179
U82: Diseñadora | V82: 181 | W82: 188
U83: Diseñadora | V83: 40 | W83: 124
U84: QA | V84: 45 | W84: 81
U85: Diseñadora | V85: 103 | W85: 187
U86: Desarrollador | V86: 91 | W86: 173
... U88: Analista | V88: 108 | W88: 126
U89: Product Owner | V89: 179
U90: Analista | V90: 90 | W90: 166
U91: QA | V91: 69 | W91: 181
U92: Product Owner | V92: 188 | W92: 107
U93: Product Owner | V93: 144 | W93: 99
U94: Desarrollador | V94: 84 | W94: 69
U95: Scrum Master | V95: 57 | W95: 52
U96: QA | V96: 200 | W96: 175
U97: Tester | V97: 94 | W97: 186
U98: Diseñadora | V98: 164 | W98: 199
U99: Analista | V99: 122 | W99: 92
U100: Scrum Master | V100: 94 | W100: 150
U101: Product Owner | V101: 194
U102: Tester | V102: 128 | W102: 101
U103: Product Owner | V103: 43 | W103: 175
U104: QA | V104: 168
...

Sheet INFORMACION_PROYECTO
A1: id_info_proyecto (*)PK | B1: proyecto (*) N:1 (FK) | C1: id_empleado (*)FK(N:1) | D1: id_rol (*)FK(N:1) | E1: actividad_empleados (*)FK(N:1) | F1: horas_laboradas (*) | G1: costo_hora (*)
A2: 1 | B2: {=_xlfn.XLOOKUP('0FN'!A2:A11,PROYECTO!A2:A11,PROYECTO!A2:A11)} -> 1 | C2: {=_xlfn.XLOOKUP(EMPLEADOS!T2:T31,EMPLEADOS!S2:S114,EMPLEADOS!A2:A114)} -> 1 | D2: {=_xlfn.XLOOKUP(EMPLEADOS!U2:U31,ROLES!B2:B8,ROLES!A2:A8)} -> 1 | E2: {=_xlfn.XLOOKUP('0FN'!I2:I31,ACTIVIDADES_EMPLEADOS!B2:B12,ACTIVIDADES_EMPLEADOS!A2:A12)} -> 1 | F2: =EMPLEADOS!V2 -> 80 | G2: 7300
A3: 2 | B3: 2 | C3: 1 | D3: 1 | E3: 2 | F3: =EMPLEADOS!V3 -> 120 | G3: 5500
A4: 3 | B4: 3 | C4: 1 | D4: 1 | E4: 3 | F4: =EMPLEADOS!V4 -> 143 | G4: 10200
A5: 4 | B5: 4 | C5: 1 | D5: 2 | E5: 4 | F5: =EMPLEADOS!V5 -> 167 | G5: 27500
A6: 5 | B6: 5 | C6: 1 | D6: 3 | E6: 3 | F6: =EMPLEADOS!V6 -> 195 | G6: 14200
A7: 6 | B7: 6 | C7: 1 | D7: 1 | E7: 5 | F7: =EMPLEADOS!V7 -> 193 | G7: 12000
A8: 7 | B8: 7 | C8: 1 | D8: 3 | E8: 5 | F8: =EMPLEADOS!V8 -> 46 | G8: 23000
A9: 8 | B9: 8 | C9: 1 | D9: 6 | E9: 6 | F9: =EMPLEADOS!V9 -> 61 | G9: 7300
A10: 9 | B10: 9 | C10: 1 | D10: 5 | E10: 5 | F10: =EMPLEADOS!V10 -> 43 | G10: 5500
A11: 10 | B11: 10 | C11: 1 | D11: 3 | E11: 3 | F11: =EMPLEADOS!V11 -> 72 | G11: 10200
A12: 11 | B12: {=PROYECTO!A2:A11} -> 1 | C12: 1 | D12: 3 | E12: 6 | F12: =EMPLEADOS!V12 -> 99 | G12: 14200
A13: 12 | B13: 2 | C13: 1 | D13: 6 | E13: 6 | F13: =EMPLEADOS!V13 -> 50 | G13: 12000
A14: 13 | B14: 3 | C14: 1 | D14: 2 | E14: 5 | F14: =EMPLEADOS!V14 -> 53 | G14: 23000
A15: 14 | B15: 4 | C15: 1 | D15: 6 | E15: 3 | F15: =EMPLEADOS!V15 -> 109 | G15: 14200
A16: 15 | B16: 5 | C16: 1 | D16: 5 | E16: 4 | F16: =EMPLEADOS!V16 -> 141 | G16: 12000
A17: 16 | B17: 6 | C17: 1 | D17: 3 | E17: 3 | F17: =EMPLEADOS!V17 -> 197 | G17: 23000
A18: 17 | B18: 7 | C18: 1 | D18: 4 | E18: 4 | F18: =EMPLEADOS!V18 -> 172 | G18: 27500
A19: 18 | B19: 8 | C19: 1 | D19: 5 | E19: 1 | F19: =EMPLEADOS!V19 -> 152 | G19: 14200
A20: 19 | B20: 9 | C20: 1 | D20: 1 | E20: 7 | F20: =EMPLEADOS!V20 -> 156 | G20: 12000
A21: 20 | B21: 10 | C21: 1 | D21: 5 | E21: 6 | F21: =EMPLEADOS!V21 -> 90 | G21: 5500
A22: 21 | B22: {=PROYECTO!A2:A11} -> 1 | C22: 1 | D22: 1 | E22: 6 | F22: =EMPLEADOS!V22 -> 168 | G22: 10200
A23: 22 | B23: 2 | C23: 1 | D23: 7 | E23: 1 | F23: =EMPLEADOS!V23 -> 198 | G23: 27500
A24: 23 | B24: 3 | C24: 1 | D24: 3 | E24: 1 | F24: =EMPLEADOS!V24 -> 56 | G24: 14200
A25: 24 | B25: 4 | C25: 1 | D25: 5 | E25: 1 | F25: =EMPLEADOS!V25 -> 100 | G25: 12000
A26: 25 | B26: 5 | C26: 1 | D26: 2 | E26: 7 | F26: =EMPLEADOS!V26 -> 143 | G26: 23000
A27: 26 | B27: 6 | C27: 1 | D27: 2 | E27: 4 | F27: =EMPLEADOS!V27 -> 159 | G27: 7300
A28: 27 | B28: 7 | C28: 1 | D28: 4 | E28: 7 | F28: =EMPLEADOS!V28 -> 135 | G28: 5500
A29: 28 | B29: 8 | C29: 1 | D29: 7 | E29: 3 | F29: =EMPLEADOS!V29 -> 142 | G29: 10200
A30: 29 | B30: 9 | C30: 1 | D30: 2 | E30: 7 | F30: =EMPLEADOS!V30 -> 130 | G30: 14200
A31: 30 | B31: 10 | C31: 1 | D31: 1 | E31: 4 | F31: =EMPLEADOS!V31 -> 47 | G31: 12000

Sheet ROLES
A1: id_rol (*) PK | B1: nombre_rol (*)
A2: 1 | B2: Diseñadora
A3: 2 | B3: Analista
A4: 3 | B4: Scrum Master
A5: 4 | B5: Tester
A6: 5 | B6: QA
A7: 6 | B7: Desarrollador
A8: 7 | B8: Product Owner

Sheet ACTIVIDADES_EMPLEADOS
A1: id_actividades (*) PK | B1: nombre_actividades (*)
A2: 1 | B2: Diseño UI
A3: 2 | B3: Levantamiento
A4: 3 | B4: Deploy
A5: 4 | B5: Documentación
A6: 5 | B6: Desarrollo Backend
A7: 6 | B7: Planeación Sprint
A8: 7 | B8: Revisión Código
A9: 8 | B9: Pruebas
A10: 9 | B10: Mantenimiento
A11: 10 | B11: Desarrollo Frontend
A12: 11 | B12: Ajustes finales

Sheet TIPO_DOC
A1: id_tipo_doc (*) PK | B1: tipo_doc(*)
A2: 1 | B2: cédula
A3: 2 | B3: pasaporte
A4: 3 | B4: ppt
A5: 4 | B5: nit
