Workbook

Sheet cliente
A1: id_cliente(PK) | B1: nombre1_cliente(*) | C1: nombre2_cliente | D1: apellido1_cliente(*) | E1: apellido2_cliente | F1: tipo_doc_identidad_cliente(FK)(1:1) | G1: doc_identidad_cliente(*) | H1: celular_cliente(*) | I1: email_cliente(*) | J1: direccion_cliente(*) | K1: municipio_cliente(FK)
A2: 1 | B2: laura | C2: maria | D2: perez | E2: lopez | F2: =tipo_doc_identidad!A2 -> 1 | G2: 12345678 | H2: 3101111111 | I2: laura@gmail.com | J2: calle 123 # 12-34 | K2: =municipio!A2 -> 1
A3: 2 | B3: pedro | C3: pascal | D3: gomez | E3: castaño | F3: =tipo_doc_identidad!A2 -> 1 | G3: 2345678 | H3: 3102222222 | I3: pedro@gmail.com | J3: calle 123 # 23-45 | K3: =municipio!A2 -> 1
A4: 3
A5: 4
A6: 5
A7: 6
A8: 7
A9: 8
A10: 9
A11: 10
A12: 11
A13: 12
A14: 13
A15: 14
... A501: 500

Sheet tienda
A1: id_tienda(PK) | B1: nombre_tienda(*)
A2: 1 | B2: Tienda A
A3: 2 | B3: Tienda B
A4: 3 | B4: Tienda C
A5: 4
A6: 5
A7: 6
A8: 7
A9: 8
A10: 9
A11: 10

Sheet vendedor
A1: id_vendedor(PK) | B1: nombre1_vendedor(*) | C1: nombre2_vendedor | D1: apellido1_vendedor(*) | E1: apellido2_vendedor | F1: tipo_doc_identidad_vendedor(FK)(1:1) | G1: doc_identidad_vendedor(*) | H1: celular_vendedor(*) | I1: email_vendedor(*) | J1: direccion_vendedor(*) | K1: municipio_vendedor(FK)(1:1) | L1: tienda_vendedor(FK)(1:N)
A2: 1 | B2: Andres | C2: Arturo | D2: Perez | E2: Martinez | F2: =tipo_doc_identidad!A2 -> 1 | G2: 1038456721 | H2: 3104567821 | I2: juan.gomez@gmail.com | J2: Calle 45 # 12-34 | K2: =municipio!A2 -> 1 | L2: =tienda!A2 -> 1
A3: 2 | B3: Marta | C3: Lucia | D3: Rojas | E3: Rojas | F3: =tipo_doc_identidad!A2 -> 1 | G3: 1019274835 | H3: 3158923476 | I3: maria.lopez@hotmail.com | J3: Carrera 18 # 56-21 | K3: =municipio!A4 -> 3 | L3: =tienda!A4 -> 3
A4: 3 | B4: Carlos | C4: Andres | D4: Lopez | E4: Zapata | F4: =tipo_doc_identidad!A2 -> 1 | G4: 1096542187 | H4: 3206749185 | I4: carlos.torres@yahoo.com | J4: Avenida 80 # 34-18 | K4: =municipio!A3 -> 2 | L4: =tienda!A2 -> 1
A5: 4 | B5: Valentina | C5: Vanesa | D5: Garcia | E5: Almiron | F5: =tipo_doc_identidad!A4 -> 3 | G5: 1005837492 | H5: 3115830269 | I5: laura.ramirez@outlook.com | J5: Calle 72 # 15-09 | K5: =municipio!A2 -> 1 | L5: =tienda!A3 -> 2
A6: 5 | B6: Sofia | C6: Andrea | D6: Martinez | E6: Arango | F6: =tipo_doc_identidad!A2 -> 1 | G6: 1024169583 | H6: 3187401592 | I6: sofia.martinez@gmail.com | J6: Carrera 50 # 101-45 | K6: =municipio!A4 -> 3 | L6: =tienda!A4 -> 3

Sheet informe
A1: id_informe(PK) | B1: cliente_venta_realizada_informe(PK) | C1: tienda_informe(FK) | D1: vendedor_informe(FK) | E1: venta_realizada_informe | F1: producto_vendido_informe | G1: categoria_producto_informe | H1: municipio_del_vendedor_informe | I1: tipo_de_documento_informe
A2: 1 | B2: =cliente!A2 -> 1 | C2: =tienda!B2 -> Tienda A | D2: =vendedor!B2 -> Andres | E2: =venta!G2 -> 56000 | F2: =venta!C2 -> Camisa | G2: =producto!D2 -> 1 | H2: =vendedor!K2 -> 1 | I2: =vendedor!G2 -> 1038456721
A3: 2 | B3: =cliente!A2 -> 1 | C3: =tienda!B2 -> Tienda A | D3: =vendedor!B2 -> Andres | E3: =venta!G3 -> 85000 | F3: =producto!B3 -> Pantalon | G3: =producto!D3 -> 2 | H3: =vendedor!K2 -> 1 | I3: =vendedor!G2 -> 1038456721
A4: 3 | B4: =cliente!A2 -> 1 | C4: =tienda!B2 -> Tienda A | D4: =vendedor!B2 -> Andres | E4: =venta!G4 -> 72000 | F4: =venta!C4 -> Falda | G4: =producto!D5 -> 5 | H4: =vendedor!K2 -> 1 | I4: =vendedor!G2 -> 1038456721
A5: 4 | B5: =cliente!A3 -> 2 | C5: =tienda!B3 -> Tienda B | D5: =vendedor!B3 -> Marta | E5: =venta!G5 -> 96000 | F5: =venta!C5 -> Falda | G5: =producto!D5 -> 5 | H5: =vendedor!K3 -> 3 | I5: =vendedor!G3 -> 1019274835
A6: 5 | B6: =cliente!A3 -> 2 | C6: =tienda!B3 -> Tienda B | D6: =vendedor!B3 -> Marta | E6: =venta!G6 -> 45000 | F6: =venta!C6 -> Blusa | G6: =producto!D6 -> 1 | H6: =vendedor!K3 -> 3 | I6: =vendedor!G3 -> 1019274835

Sheet venta
A1: id_venta(PK) | B1: cliente(PK) | C1: producto(FK) | D1: cantidad_venta(*) | E1: precio_unitario(FK) | F1: precio_venta(FK) | G1: total_venta(*)
A2: 1 | B2: =cliente!A2 -> 1 | C2: =producto!B2 -> Camisa | D2: 1 | E2: =producto!E2 -> 35000 | F2: =producto!F2 -> 56000 | G2: 56000
A3: 2 | B3: =cliente!A2 -> 1 | C3: =producto!B4 -> Cinturon | D3: 1 | E3: =producto!E3 -> 55000 | F3: =producto!F3 -> 85000 | G3: 85000
A4: 3 | B4: =cliente!A2 -> 1 | C4: =producto!B5 -> Falda | D4: 2 | E4: =producto!E4 -> 18000 | F4: =producto!F4 -> 36000 | G4: 72000
A5: 4 | B5: =cliente!A3 -> 2 | C5: =producto!B5 -> Falda | D5: 2 | E5: =producto!E5 -> 30000 | F5: =producto!F5 -> 48000 | G5: 96000
A6: 5 | B6: =cliente!A3 -> 2 | C6: =producto!B6 -> Blusa | D6: 1 | E6: =producto!E6 -> 28000 | F6: =producto!F6 -> 45000 | G6: 45000
A7: 6
A8: 7
A9: 8
A10: 9
A11: 10

Sheet producto
A1: id_producto(PK) | B1: nombre_producto(*) | C1: descripcion_producto | D1: categoria_producto(FK) | E1: precio_compra(*) | F1: precio_venta(*) | G1: stock_producto(*)
A2: 1 | B2: Camisa | C2: Camisa de algodón manga larga | D2: =categoria!A2 -> 1 | E2: 35000 | F2: 56000 | G2: 45
A3: 2 | B3: Pantalon | C3: Pantalón jean clásico | D3: =categoria!A3 -> 2 | E3: 55000 | F3: 85000 | G3: 38
A4: 3 | B4: Cinturon | C4: Cinturón de cuero sintético | D4: =categoria!A4 -> 3 | E4: 18000 | F4: 36000 | G4: 60
A5: 4 | B5: Falda | C5: Falda casual para dama | D5: =categoria!A6 -> 5 | E5: 30000 | F5: 48000 | G5: 32
A6: 5 | B6: Blusa | C6: Blusa de tela fresca | D6: =categoria!A2 -> 1 | E6: 28000 | F6: 45000 | G6: 40
A7: 6 | B7: Gorra | C7: Gorra deportiva ajustable | D7: =categoria!A4 -> 3 | E7: 15000 | F7: 29000 | G7: 55
A8: 7 | B8: Chaqueta | C8: Chaqueta impermeable | D8: =categoria!A2 -> 1 | E8: 75000 | F8: 120000 | G8: 22
A9: 8 | B9: Vestido | C9: Vestido casual elegante | D9: =categoria!A5 -> 4 | E9: 65000 | F9: 98000 | G9: 25
A10: 9 | B10: Bufanda | C10: Bufanda tejida para clima frío | D10: =categoria!A4 -> 3 | E10: 12000 | F10: 23000 | G10: 48
A11: 10 | B11: Medias | C11: Par de medias deportivas | D11: =categoria!A7 -> 6 | E11: 6000 | F11: 12000 | G11: 100
A12: 11 | B12: Zapatos | C12: Zapatos deportivos unisex | D12: =categoria!A7 -> 6 | E12: 90000 | F12: 145000 | G12: 20
A13: 12 | B13: Correa | C13: Correa de cuero para vestir | D13: =categoria!A4 -> 3 | E13: 22000 | F13: 38000 | G13: 35

Sheet categoria
A1: id_categoria | B1: nombre_categoria(*)
A2: 1 | B2: Ropa Superior
A3: 2 | B3: Ropa Inferior
A4: 3 | B4: Accesorios
A5: 4 | B5: Ropa Completa
A6: 5 | B6: Ropa Interior
A7: 6 | B7: Calzado

Sheet municipio
A1: id_municipio(PK) | B1: nombre_municipio(*)
A2: 1 | B2: Medellin
A3: 2 | B3: Envigado
A4: 3 | B4: Sabaneta
A5: 4
A6: 5
A7: 6
A8: 7
A9: 8
A10: 9
A11: 10

Sheet tipo_doc_identidad
A1: id_tipo_doc_identidad(PK) | B1: nombre_tipo_doc_identidad(*)
A2: 1 | B2: CC
A3: 2 | B3: TI
A4: 3 | B4: PPT
A5: 4
A6: 5
A7: 6
A8: 7
A9: 8
A10: 9
A11: 10
