Workbook

Sheet Clientes
A1: ID_Cliente | B1: Nombre | C1: Apellido | D1: Direccion | E1: Celular
A2: 102001 | B2: Carlos | C2: Gómez | D2: Calle 123 | E2: 3100450123
A3: 102002 | B3: Ana | C3: Pérez | D3: Calle 124 | E3: 3100450124
A4: 102003 | B4: Juan | C4: López | D4: Calle 125 | E4: 3100450125
A5: 102004 | B5: María | C5: Díaz | D5: Calle 126 | E5: 3100450126
A6: 102005 | B6: Luis | C6: Torres | D6: Calle 127 | E6: 3100450127
A7: 102006 | B7: Sofía | C7: Rojas | D7: Calle 128 | E7: 3100450128
A8: 102007 | B8: emanuel | C8: muñoz | D8: Calle 129 | E8: 3100450129
A9: 102008 | B9: Manuela | C9: Ramirez | D9: Calle 130 | E9: 3100450130
A10: 102009 | B10: Stiven | C10: Florez | D10: Calle 131 | E10: 3100450131

Sheet Productos
A1: ID_Producto | B1: Nombre Producto | C1: Valor
A2: PRO-01 | B2: Alitas BBQ (6 unidades) | C2: 18000
A3: PRO-02 | B3: Alitas BBQ (12 unidades) | C3: 32000
A4: PRO-03 | B4: Papas Fritas | C4: 8000
A5: PRO-04 | B5: Alitas Picantes (6 unidades) | C5: 19000
A6: PRO-05 | B6: Hamburguesa de Pollo | C6: 21000
A7: PRO-06 | B7: Pollo Asado (1/2) | C7: 29000
A8: PRO-07 | B8: Pechuga a la Plancha | C8: 22000
A9: PRO-08 | B9: Gaseosa 400 ml | C9: 5000
A10: PRO-09 | B10: Combo Hamburguesa de Pollo + Papas + Gaseosa | C10: 32000
A11: PRO-10 | B11: Pollo Asado (1/4) | C11: 16000
A12: PRO-11 | B12: Combo Alitas + Papas + Gaseosa | C12: 28000
A13: PRO-12 | B13: Alitas Picantes (12 unidades) | C13: 34000

Sheet Vendedores
A1: ID_Vendedor | B1: Nombre | C1: Apellido | D1: Cedula
A2: VEN-01 | B2: Alejandro | C2: Gómez | D2: 71222001
A3: VEN-02 | B3: Alejandra | C3: Pérez | D3: 71222002
A4: VEN-03 | B4: Maria | C4: López | D4: 71222003
A5: VEN-04 | B5: Juliana | C5: Díaz | D5: 71222004
A6: VEN-05 | B6: Angel | C6: Torres | D6: 71222005
A7: VEN-06 | B7: Valentina | C7: Rojas | D7: 71222006
A8: VEN-07 | B8: Vanessa | C8: muñoz | D8: 71222007
A9: VEN-08 | B9: Gloria | C9: Ramirez | D9: 71222008
A10: VEN-09 | B10: Hugo | C10: Florez | D10: 71222009

Sheet Ventas_2026
A1: Fecha | B1: Cliente | C1: Producto | D1: Vendedor | E1: Valor
A2: 05/01/2026 | B2: 102001 | C2: PRO-01 | D2: VEN-01 | E2: =IFERROR(VLOOKUP(C2,Productos!$A$2:$C$13,3,FALSE),"No encontrado") -> 18000
A3: 18/01/2026 | B3: 102005 | C3: PRO-03 | D3: VEN-02 | E3: =IFERROR(VLOOKUP(C3,Productos!$A$2:$C$13,3,FALSE),"No encontrado") -> 8000
A4: 07/02/2026 | B4: 102003 | C4: PRO-02 | D4: VEN-03 | E4: =IFERROR(VLOOKUP(C4,Productos!$A$2:$C$13,3,FALSE),"No encontrado") -> 32000
A5: 22/02/2026 | B5: 102001 | C5: PRO-05 | D5: VEN-01 | E5: =IFERROR(VLOOKUP(C5,Productos!$A$2:$C$13,3,FALSE),"No encontrado") -> 21000
A6: 10/03/2026 | B6: 102004 | C6: PRO-04 | D6: VEN-02 | E6: =IFERROR(VLOOKUP(C6,Productos!$A$2:$C$13,3,FALSE),"No encontrado") -> 19000
A7: 28/03/2026 | B7: 102006 | C7: PRO-01 | D7: VEN-03 | E7: =IFERROR(VLOOKUP(C7,Productos!$A$2:$C$13,3,FALSE),"No encontrado") -> 18000
A8: 12/04/2026 | B8: 102002 | C8: PRO-06 | D8: VEN-04 | E8: =IFERROR(VLOOKUP(C8,Productos!$A$2:$C$13,3,FALSE),"No encontrado") -> 29000
A9: 26/04/2026 | B9: 102003 | C9: PRO-02 | D9: VEN-01 | E9: =IFERROR(VLOOKUP(C9,Productos!$A$2:$C$13,3,FALSE),"No encontrado") -> 32000
A10: 08/05/2026 | B10: 102005 | C10: PRO-03 | D10: VEN-05 | E10: =IFERROR(VLOOKUP(C10,Productos!$A$2:$C$13,3,FALSE),"No encontrado") -> 8000
A11: 21/05/2026 | B11: 102004 | C11: PRO-07 | D11: VEN-02 | E11: =IFERROR(VLOOKUP(C11,Productos!$A$2:$C$13,3,FALSE),"No encontrado") -> 22000
A12: 09/06/2026 | B12: 102001 | C12: PRO-05 | D12: VEN-04 | E12: =IFERROR(VLOOKUP(C12,Productos!$A$2:$C$13,3,FALSE),"No encontrado") -> 21000
A13: 24/06/2026 | B13: 102006 | C13: PRO-01 | D13: VEN-03 | E13: =IFERROR(VLOOKUP(C13,Productos!$A$2:$C$13,3,FALSE),"No encontrado") -> 18000
... A16: 11/08/2026 | B16: 102004 | C16: PRO-02 | D16: VEN-02 | E16: =IFERROR(VLOOKUP(C16,Productos!$A$2:$C$13,3,FALSE),"No encontrado") -> 32000
A17: 27/08/2026 | B17: 102005 | C17: PRO-03 | D17: VEN-04 | E17: =IFERROR(VLOOKUP(C17,Productos!$A$2:$C$13,3,FALSE),"No encontrado") -> 8000 | H17: ,
A18: 05/09/2026 | B18: 102006 | C18: PRO-07 | D18: VEN-03 | E18: =IFERROR(VLOOKUP(C18,Productos!$A$2:$C$13,3,FALSE),"No encontrado") -> 22000
A19: 18/09/2026 | B19: 102001 | C19: PRO-05 | D19: VEN-05 | E19: =IFERROR(VLOOKUP(C19,Productos!$A$2:$C$13,3,FALSE),"No encontrado") -> 21000
A20: 07/10/2026 | B20: 102002 | C20: PRO-01 | D20: VEN-01 | E20: =IFERROR(VLOOKUP(C20,Productos!$A$2:$C$13,3,FALSE),"No encontrado") -> 18000
A21: 23/10/2026 | B21: 102003 | C21: PRO-04 | D21: VEN-02 | E21: =IFERROR(VLOOKUP(C21,Productos!$A$2:$C$13,3,FALSE),"No encontrado") -> 19000
A22: 09/11/2026 | B22: 102004 | C22: PRO-06 | D22: VEN-03 | E22: =IFERROR(VLOOKUP(C22,Productos!$A$2:$C$13,3,FALSE),"No encontrado") -> 29000
A23: 25/11/2026 | B23: 102005 | C23: PRO-02 | D23: VEN-04 | E23: =IFERROR(VLOOKUP(C23,Productos!$A$2:$C$13,3,FALSE),"No encontrado") -> 32000
A24: 10/12/2026 | B24: 102006 | C24: PRO-03 | D24: VEN-05 | E24: =IFERROR(VLOOKUP(C24,Productos!$A$2:$C$13,3,FALSE),"No encontrado") -> 8000
A25: 22/12/2026 | B25: 102001 | C25: PRO-07 | D25: VEN-01 | E25: =IFERROR(VLOOKUP(C25,Productos!$A$2:$C$13,3,FALSE),"No encontrado") -> 22000

Sheet Factura
C1: POLLOSELGEL | F1: RESTAURANTES POLLOSGEL
F2: NIT 100487561
F3: Calle 12 #9a-29
F4: 3111234567
F5: Medellin - Colombia
A9: CLIENTE | E9: DATOS FACTURA
A10: Cedula | E10: Numero
A11: Nombre | B11: =IFERROR(VLOOKUP(B10,Clientes!$A$2:$E$10,2,FALSE),"No encontrado") -> No encontrado | E11: Fecha
A12: Direccion | B12: =IFERROR(VLOOKUP(B10,Clientes!$A$2:$E$10,4,FALSE),"No encontrado") -> No encontrado | E12: Ciudad
A13: Celular | B13: =IFERROR(VLOOKUP(B10,Clientes!$A$2:$E$10,5,FALSE),"No encontrado") -> No encontrado | E13: Vendedor
A15: ITEM | B15: CODIGO | C15: DESCRIPCION | D15: VALOR UNITARIO | E15: CANTIDAD | F15: SUBTOTAL
